{
	"credit": "Made with Blockbench",
	"texture_size": [64, 64],
	"textures": {
		"0": "item/egg_blaze",
		"particle": "item/egg_blaze"
	},
	"elements": [
		{
			"from": [0, 0, 0],
			"to": [16, 16, 0],
			"faces": {
				"north": {"uv": [0, 0, 16, 16], "texture": "#0"},
				"east": {"uv": [0, 0, 0.25, 4], "texture": "#missing"},
				"south": {"uv": [0, 0, 16, 16], "texture": "#0"},
				"west": {"uv": [0, 0, 0.25, 4], "texture": "#missing"},
				"up": {"uv": [0, 0, 4, 0.25], "texture": "#missing"},
				"down": {"uv": [0, 0, 4, 0.25], "texture": "#missing"}
			}
		}
	],
	"gui_light": "front",
	"display": {
		"thirdperson_righthand": {
			"rotation": [23, 1, 1],
			"translation": [0, 1.25, 5.75],
			"scale": [0.49, 0.45, 0.5]
		},
		"thirdperson_lefthand": {
			"rotation": [0, -5, 11],
			"translation": [0, 1.5, 4.5],
			"scale": [0.57, 0.55, 0.56]
		},
		"firstperson_righthand": {
			"rotation": [-10, -51, 14],
			"translation": [3, 1.5, 0.5],
			"scale": [0.54, 0.62, 0.97]
		},
		"firstperson_lefthand": {
			"rotation": [11, -20, 31],
			"translation": [7.75, -3, -2.5],
			"scale": [0.68, 0.68, 0.68]
		},
		"ground": {
			"scale": [0.33, 0.33, 0.33]
		},
		"fixed": {
			"translation": [0, 0, 7.9]
		}
	}
}