{
	"credit": "Made with Blockbench",
	"texture_size": [32, 32],
	"textures": {
		"0": "item/zhongchui",
		"particle": "item/zhongchui"
	},
	"elements": [
		{
			"from": [4.7, 1, 2.8],
			"to": [5.7, 2, 3.8],
			"rotation": {"angle": 0, "axis": "y", "origin": [4.7, 0, 2.8]},
			"faces": {
				"north": {"uv": [4, 8, 4.5, 8.5], "texture": "#0"},
				"east": {"uv": [4.5, 8, 5, 8.5], "texture": "#0"},
				"south": {"uv": [5, 8, 5.5, 8.5], "texture": "#0"},
				"west": {"uv": [5.5, 8, 6, 8.5], "texture": "#0"},
				"up": {"uv": [4.5, 9, 4, 8.5], "texture": "#0"},
				"down": {"uv": [5, 8.5, 4.5, 9], "texture": "#0"}
			}
		},
		{
			"from": [4.7, 0, 2.8],
			"to": [5.7, 1, 3.8],
			"rotation": {"angle": 0, "axis": "y", "origin": [4.7, -1, 2.8]},
			"faces": {
				"north": {"uv": [5, 8.5, 5.5, 9], "texture": "#0"},
				"east": {"uv": [5.5, 8.5, 6, 9], "texture": "#0"},
				"south": {"uv": [4, 9, 4.5, 9.5], "texture": "#0"},
				"west": {"uv": [4.5, 9, 5, 9.5], "texture": "#0"},
				"up": {"uv": [5.5, 9.5, 5, 9], "texture": "#0"},
				"down": {"uv": [6, 9, 5.5, 9.5], "texture": "#0"}
			}
		},
		{
			"from": [4.7, 0, 3.8],
			"to": [5.7, 1, 4.8],
			"rotation": {"angle": 0, "axis": "y", "origin": [4.7, -1, 3.8]},
			"faces": {
				"north": {"uv": [4, 9.5, 4.5, 10], "texture": "#0"},
				"east": {"uv": [4.5, 9.5, 5, 10], "texture": "#0"},
				"south": {"uv": [5, 9.5, 5.5, 10], "texture": "#0"},
				"west": {"uv": [5.5, 9.5, 6, 10], "texture": "#0"},
				"up": {"uv": [4.5, 10.5, 4, 10], "texture": "#0"},
				"down": {"uv": [10.5, 4, 10, 4.5], "texture": "#0"}
			}
		},
		{
			"from": [4.7, 0, 4.8],
			"to": [5.7, 1, 5.8],
			"rotation": {"angle": 0, "axis": "y", "origin": [4.7, -1, 4.8]},
			"faces": {
				"north": {"uv": [4.5, 10, 5, 10.5], "texture": "#0"},
				"east": {"uv": [10, 4.5, 10.5, 5], "texture": "#0"},
				"south": {"uv": [5, 10, 5.5, 10.5], "texture": "#0"},
				"west": {"uv": [10, 5, 10.5, 5.5], "texture": "#0"},
				"up": {"uv": [6, 10.5, 5.5, 10], "texture": "#0"},
				"down": {"uv": [10.5, 5.5, 10, 6], "texture": "#0"}
			}
		},
		{
			"from": [4.7, 2, 2.8],
			"to": [5.7, 3, 3.8],
			"rotation": {"angle": 0, "axis": "y", "origin": [4.7, 1, 2.8]},
			"faces": {
				"north": {"uv": [10, 6, 10.5, 6.5], "texture": "#0"},
				"east": {"uv": [10, 6.5, 10.5, 7], "texture": "#0"},
				"south": {"uv": [10, 7, 10.5, 7.5], "texture": "#0"},
				"west": {"uv": [10, 7.5, 10.5, 8], "texture": "#0"},
				"up": {"uv": [10.5, 8.5, 10, 8], "texture": "#0"},
				"down": {"uv": [10.5, 8.5, 10, 9], "texture": "#0"}
			}
		},
		{
			"from": [4.7, 1, 4.8],
			"to": [5.7, 2, 5.8],
			"rotation": {"angle": 0, "axis": "y", "origin": [4.7, 0, 4.8]},
			"faces": {
				"north": {"uv": [10, 9, 10.5, 9.5], "texture": "#0"},
				"east": {"uv": [10, 9.5, 10.5, 10], "texture": "#0"},
				"south": {"uv": [10, 10, 10.5, 10.5], "texture": "#0"},
				"west": {"uv": [4, 10.5, 4.5, 11], "texture": "#0"},
				"up": {"uv": [11, 4.5, 10.5, 4], "texture": "#0"},
				"down": {"uv": [5, 10.5, 4.5, 11], "texture": "#0"}
			}
		},
		{
			"from": [4.7, 2, 3.8],
			"to": [5.7, 3, 4.8],
			"rotation": {"angle": 0, "axis": "y", "origin": [4.7, 1, 3.8]},
			"faces": {
				"north": {"uv": [10.5, 4.5, 11, 5], "texture": "#0"},
				"east": {"uv": [5, 10.5, 5.5, 11], "texture": "#0"},
				"south": {"uv": [10.5, 5, 11, 5.5], "texture": "#0"},
				"west": {"uv": [5.5, 10.5, 6, 11], "texture": "#0"},
				"up": {"uv": [11, 6, 10.5, 5.5], "texture": "#0"},
				"down": {"uv": [11, 6, 10.5, 6.5], "texture": "#0"}
			}
		},
		{
			"from": [4.7, 3, 4.8],
			"to": [5.7, 4, 5.8],
			"rotation": {"angle": 0, "axis": "y", "origin": [4.7, 2, 4.8]},
			"faces": {
				"north": {"uv": [10.5, 6.5, 11, 7], "texture": "#0"},
				"east": {"uv": [10.5, 7, 11, 7.5], "texture": "#0"},
				"south": {"uv": [10.5, 7.5, 11, 8], "texture": "#0"},
				"west": {"uv": [10.5, 8, 11, 8.5], "texture": "#0"},
				"up": {"uv": [11, 9, 10.5, 8.5], "texture": "#0"},
				"down": {"uv": [11, 9, 10.5, 9.5], "texture": "#0"}
			}
		},
		{
			"from": [4.7, 4, 5.8],
			"to": [5.7, 5, 6.8],
			"rotation": {"angle": 0, "axis": "y", "origin": [4.7, 3, 5.8]},
			"faces": {
				"north": {"uv": [10.5, 9.5, 11, 10], "texture": "#0"},
				"east": {"uv": [10, 10.5, 10.5, 11], "texture": "#0"},
				"south": {"uv": [10.5, 10, 11, 10.5], "texture": "#0"},
				"west": {"uv": [10.5, 10.5, 11, 11], "texture": "#0"},
				"up": {"uv": [4.5, 11.5, 4, 11], "texture": "#0"},
				"down": {"uv": [11.5, 4, 11, 4.5], "texture": "#0"}
			}
		},
		{
			"from": [4.7, 5, 6.8],
			"to": [5.7, 6, 7.8],
			"rotation": {"angle": 0, "axis": "y", "origin": [4.7, 4, 6.8]},
			"faces": {
				"north": {"uv": [4.5, 11, 5, 11.5], "texture": "#0"},
				"east": {"uv": [11, 4.5, 11.5, 5], "texture": "#0"},
				"south": {"uv": [5, 11, 5.5, 11.5], "texture": "#0"},
				"west": {"uv": [11, 5, 11.5, 5.5], "texture": "#0"},
				"up": {"uv": [6, 11.5, 5.5, 11], "texture": "#0"},
				"down": {"uv": [11.5, 5.5, 11, 6], "texture": "#0"}
			}
		},
		{
			"from": [4.7, 6, 7.8],
			"to": [5.7, 7, 8.8],
			"rotation": {"angle": 0, "axis": "y", "origin": [4.7, 5, 7.8]},
			"faces": {
				"north": {"uv": [11, 6, 11.5, 6.5], "texture": "#0"},
				"east": {"uv": [11, 6.5, 11.5, 7], "texture": "#0"},
				"south": {"uv": [11, 7, 11.5, 7.5], "texture": "#0"},
				"west": {"uv": [11, 7.5, 11.5, 8], "texture": "#0"},
				"up": {"uv": [11.5, 8.5, 11, 8], "texture": "#0"},
				"down": {"uv": [11.5, 8.5, 11, 9], "texture": "#0"}
			}
		},
		{
			"from": [4.7, 7, 8.8],
			"to": [5.7, 8, 9.8],
			"rotation": {"angle": 0, "axis": "y", "origin": [4.7, 6, 8.8]},
			"faces": {
				"north": {"uv": [11, 9, 11.5, 9.5], "texture": "#0"},
				"east": {"uv": [11, 9.5, 11.5, 10], "texture": "#0"},
				"south": {"uv": [10, 11, 10.5, 11.5], "texture": "#0"},
				"west": {"uv": [11, 10, 11.5, 10.5], "texture": "#0"},
				"up": {"uv": [11, 11.5, 10.5, 11], "texture": "#0"},
				"down": {"uv": [11.5, 10.5, 11, 11], "texture": "#0"}
			}
		},
		{
			"from": [4.7, 6, 9.8],
			"to": [5.7, 7, 10.8],
			"rotation": {"angle": 0, "axis": "y", "origin": [4.7, 5, 9.8]},
			"faces": {
				"north": {"uv": [11, 11, 11.5, 11.5], "texture": "#0"},
				"east": {"uv": [4, 11.5, 4.5, 12], "texture": "#0"},
				"south": {"uv": [11.5, 4, 12, 4.5], "texture": "#0"},
				"west": {"uv": [4.5, 11.5, 5, 12], "texture": "#0"},
				"up": {"uv": [12, 5, 11.5, 4.5], "texture": "#0"},
				"down": {"uv": [5.5, 11.5, 5, 12], "texture": "#0"}
			}
		},
		{
			"from": [4.7, 5, 8.8],
			"to": [5.7, 6, 9.8],
			"rotation": {"angle": 0, "axis": "y", "origin": [4.7, 4, 8.8]},
			"faces": {
				"north": {"uv": [11.5, 5, 12, 5.5], "texture": "#0"},
				"east": {"uv": [5.5, 11.5, 6, 12], "texture": "#0"},
				"south": {"uv": [11.5, 5.5, 12, 6], "texture": "#0"},
				"west": {"uv": [11.5, 6, 12, 6.5], "texture": "#0"},
				"up": {"uv": [12, 7, 11.5, 6.5], "texture": "#0"},
				"down": {"uv": [12, 7, 11.5, 7.5], "texture": "#0"}
			}
		},
		{
			"from": [4.7, 4, 7.8],
			"to": [5.7, 5, 8.8],
			"rotation": {"angle": 0, "axis": "y", "origin": [4.7, 3, 7.8]},
			"faces": {
				"north": {"uv": [11.5, 7.5, 12, 8], "texture": "#0"},
				"east": {"uv": [11.5, 8, 12, 8.5], "texture": "#0"},
				"south": {"uv": [11.5, 8.5, 12, 9], "texture": "#0"},
				"west": {"uv": [11.5, 9, 12, 9.5], "texture": "#0"},
				"up": {"uv": [12, 10, 11.5, 9.5], "texture": "#0"},
				"down": {"uv": [10.5, 11.5, 10, 12], "texture": "#0"}
			}
		},
		{
			"from": [4.7, 3, 6.8],
			"to": [5.7, 4, 7.8],
			"rotation": {"angle": 0, "axis": "y", "origin": [4.7, 2, 6.8]},
			"faces": {
				"north": {"uv": [11.5, 10, 12, 10.5], "texture": "#0"},
				"east": {"uv": [10.5, 11.5, 11, 12], "texture": "#0"},
				"south": {"uv": [11.5, 10.5, 12, 11], "texture": "#0"},
				"west": {"uv": [11, 11.5, 11.5, 12], "texture": "#0"},
				"up": {"uv": [12, 11.5, 11.5, 11], "texture": "#0"},
				"down": {"uv": [12, 11.5, 11.5, 12], "texture": "#0"}
			}
		},
		{
			"from": [4.7, 2, 5.8],
			"to": [5.7, 3, 6.8],
			"rotation": {"angle": 0, "axis": "y", "origin": [4.7, 1, 5.8]},
			"faces": {
				"north": {"uv": [0, 12, 0.5, 12.5], "texture": "#0"},
				"east": {"uv": [0.5, 12, 1, 12.5], "texture": "#0"},
				"south": {"uv": [1, 12, 1.5, 12.5], "texture": "#0"},
				"west": {"uv": [1.5, 12, 2, 12.5], "texture": "#0"},
				"up": {"uv": [2.5, 12.5, 2, 12], "texture": "#0"},
				"down": {"uv": [3, 12, 2.5, 12.5], "texture": "#0"}
			}
		},
		{
			"from": [4.7, 1, 3.8],
			"to": [5.7, 2, 4.8],
			"rotation": {"angle": 0, "axis": "y", "origin": [4.7, 0, 3.8]},
			"faces": {
				"north": {"uv": [3, 12, 3.5, 12.5], "texture": "#0"},
				"east": {"uv": [3.5, 12, 4, 12.5], "texture": "#0"},
				"south": {"uv": [4, 12, 4.5, 12.5], "texture": "#0"},
				"west": {"uv": [12, 4, 12.5, 4.5], "texture": "#0"},
				"up": {"uv": [5, 12.5, 4.5, 12], "texture": "#0"},
				"down": {"uv": [12.5, 4.5, 12, 5], "texture": "#0"}
			}
		},
		{
			"from": [4.7, 2, 4.8],
			"to": [5.7, 3, 5.8],
			"rotation": {"angle": 0, "axis": "y", "origin": [4.7, 1, 4.8]},
			"faces": {
				"north": {"uv": [5, 12, 5.5, 12.5], "texture": "#0"},
				"east": {"uv": [12, 5, 12.5, 5.5], "texture": "#0"},
				"south": {"uv": [5.5, 12, 6, 12.5], "texture": "#0"},
				"west": {"uv": [12, 5.5, 12.5, 6], "texture": "#0"},
				"up": {"uv": [6.5, 12.5, 6, 12], "texture": "#0"},
				"down": {"uv": [12.5, 6, 12, 6.5], "texture": "#0"}
			}
		},
		{
			"from": [4.7, 3, 5.8],
			"to": [5.7, 4, 6.8],
			"rotation": {"angle": 0, "axis": "y", "origin": [4.7, 2, 5.8]},
			"faces": {
				"north": {"uv": [6.5, 12, 7, 12.5], "texture": "#0"},
				"east": {"uv": [12, 6.5, 12.5, 7], "texture": "#0"},
				"south": {"uv": [7, 12, 7.5, 12.5], "texture": "#0"},
				"west": {"uv": [12, 7, 12.5, 7.5], "texture": "#0"},
				"up": {"uv": [8, 12.5, 7.5, 12], "texture": "#0"},
				"down": {"uv": [12.5, 7.5, 12, 8], "texture": "#0"}
			}
		},
		{
			"from": [4.7, 4, 6.8],
			"to": [5.7, 5, 7.8],
			"rotation": {"angle": 0, "axis": "y", "origin": [4.7, 3, 6.8]},
			"faces": {
				"north": {"uv": [8, 12, 8.5, 12.5], "texture": "#0"},
				"east": {"uv": [12, 8, 12.5, 8.5], "texture": "#0"},
				"south": {"uv": [8.5, 12, 9, 12.5], "texture": "#0"},
				"west": {"uv": [12, 8.5, 12.5, 9], "texture": "#0"},
				"up": {"uv": [9.5, 12.5, 9, 12], "texture": "#0"},
				"down": {"uv": [12.5, 9, 12, 9.5], "texture": "#0"}
			}
		},
		{
			"from": [4.7, 5, 7.8],
			"to": [5.7, 6, 8.8],
			"rotation": {"angle": 0, "axis": "y", "origin": [4.7, 4, 7.8]},
			"faces": {
				"north": {"uv": [9.5, 12, 10, 12.5], "texture": "#0"},
				"east": {"uv": [12, 9.5, 12.5, 10], "texture": "#0"},
				"south": {"uv": [10, 12, 10.5, 12.5], "texture": "#0"},
				"west": {"uv": [12, 10, 12.5, 10.5], "texture": "#0"},
				"up": {"uv": [11, 12.5, 10.5, 12], "texture": "#0"},
				"down": {"uv": [12.5, 10.5, 12, 11], "texture": "#0"}
			}
		},
		{
			"from": [4.7, 6, 8.8],
			"to": [5.7, 7, 9.8],
			"rotation": {"angle": 0, "axis": "y", "origin": [4.7, 5, 8.8]},
			"faces": {
				"north": {"uv": [11, 12, 11.5, 12.5], "texture": "#0"},
				"east": {"uv": [12, 11, 12.5, 11.5], "texture": "#0"},
				"south": {"uv": [11.5, 12, 12, 12.5], "texture": "#0"},
				"west": {"uv": [12, 11.5, 12.5, 12], "texture": "#0"},
				"up": {"uv": [12.5, 12.5, 12, 12], "texture": "#0"},
				"down": {"uv": [0.5, 12.5, 0, 13], "texture": "#0"}
			}
		},
		{
			"from": [4.7, 7, 9.8],
			"to": [5.7, 8, 10.8],
			"rotation": {"angle": 0, "axis": "y", "origin": [4.7, 6, 9.8]},
			"faces": {
				"north": {"uv": [0.5, 12.5, 1, 13], "texture": "#0"},
				"east": {"uv": [1, 12.5, 1.5, 13], "texture": "#0"},
				"south": {"uv": [1.5, 12.5, 2, 13], "texture": "#0"},
				"west": {"uv": [2, 12.5, 2.5, 13], "texture": "#0"},
				"up": {"uv": [3, 13, 2.5, 12.5], "texture": "#0"},
				"down": {"uv": [3.5, 12.5, 3, 13], "texture": "#0"}
			}
		},
		{
			"from": [1.2, 9, 5],
			"to": [9.2, 17, 17],
			"rotation": {"angle": 45, "axis": "x", "origin": [1.2, 9, 9]},
			"faces": {
				"north": {"uv": [10, 0, 14, 4], "texture": "#0"},
				"east": {"uv": [0, 0, 6, 4], "texture": "#0"},
				"south": {"uv": [10, 0, 14, 4], "texture": "#0"},
				"west": {"uv": [0, 0, 6, 4], "texture": "#0"},
				"up": {"uv": [10, 6, 6, 0], "texture": "#0"},
				"down": {"uv": [10, 6, 6, 12], "texture": "#0"}
			}
		},
		{
			"from": [4.7, 13, 16],
			"to": [5.7, 14, 17],
			"rotation": {"angle": 0, "axis": "y", "origin": [4.7, 12, 16]},
			"faces": {
				"north": {"uv": [3.5, 12.5, 4, 13], "texture": "#0"},
				"east": {"uv": [4, 12.5, 4.5, 13], "texture": "#0"},
				"south": {"uv": [12.5, 4, 13, 4.5], "texture": "#0"},
				"west": {"uv": [4.5, 12.5, 5, 13], "texture": "#0"},
				"up": {"uv": [13, 5, 12.5, 4.5], "texture": "#0"},
				"down": {"uv": [5.5, 12.5, 5, 13], "texture": "#0"}
			}
		},
		{
			"from": [4.7, 13, 17],
			"to": [5.7, 14, 18],
			"rotation": {"angle": 0, "axis": "y", "origin": [4.7, 12, 17]},
			"faces": {
				"north": {"uv": [12.5, 5, 13, 5.5], "texture": "#0"},
				"east": {"uv": [5.5, 12.5, 6, 13], "texture": "#0"},
				"south": {"uv": [12.5, 5.5, 13, 6], "texture": "#0"},
				"west": {"uv": [6, 12.5, 6.5, 13], "texture": "#0"},
				"up": {"uv": [13, 6.5, 12.5, 6], "texture": "#0"},
				"down": {"uv": [7, 12.5, 6.5, 13], "texture": "#0"}
			}
		},
		{
			"from": [4.7, 14, 17],
			"to": [5.7, 15, 18],
			"rotation": {"angle": 0, "axis": "y", "origin": [4.7, 13, 17]},
			"faces": {
				"north": {"uv": [12.5, 6.5, 13, 7], "texture": "#0"},
				"east": {"uv": [7, 12.5, 7.5, 13], "texture": "#0"},
				"south": {"uv": [12.5, 7, 13, 7.5], "texture": "#0"},
				"west": {"uv": [7.5, 12.5, 8, 13], "texture": "#0"},
				"up": {"uv": [13, 8, 12.5, 7.5], "texture": "#0"},
				"down": {"uv": [8.5, 12.5, 8, 13], "texture": "#0"}
			}
		},
		{
			"from": [4.7, 14, 16],
			"to": [5.7, 15, 17],
			"rotation": {"angle": 0, "axis": "y", "origin": [4.7, 13, 16]},
			"faces": {
				"north": {"uv": [12.5, 8, 13, 8.5], "texture": "#0"},
				"east": {"uv": [8.5, 12.5, 9, 13], "texture": "#0"},
				"south": {"uv": [12.5, 8.5, 13, 9], "texture": "#0"},
				"west": {"uv": [9, 12.5, 9.5, 13], "texture": "#0"},
				"up": {"uv": [13, 9.5, 12.5, 9], "texture": "#0"},
				"down": {"uv": [10, 12.5, 9.5, 13], "texture": "#0"}
			}
		}
	],
	"display": {
		"thirdperson_righthand": {
			"rotation": [-43, 0, 0],
			"translation": [3, 2.25, 0]
		},
		"thirdperson_lefthand": {
			"rotation": [-43, 0, 0],
			"translation": [-2.75, 2.5, 0.25]
		},
		"firstperson_righthand": {
			"rotation": [-48, 16, -3],
			"translation": [1.25, 3, 0],
			"scale": [0.5, 0.5, 0.5]
		},
		"firstperson_lefthand": {
			"rotation": [-48, 16, -3],
			"translation": [-1.25, 3, 0],
			"scale": [0.5, 0.5, 0.5]
		},
		"ground": {
			"translation": [2, 2.25, 2]
		},
		"gui": {
			"rotation": [-161.66, 57.7, -173],
			"translation": [-4.25, -0.5, 0],
			"scale": [0.8, 0.8, 0.8]
		},
		"head": {
			"rotation": [-45, 0, 0],
			"translation": [2.75, 6.75, -2.5]
		},
		"fixed": {
			"rotation": [44.2, -80.96, 44.57],
			"translation": [3, -1, 2.5]
		}
	},
	"groups": [
		{
			"name": "group",
			"origin": [5, 9, 12],
			"color": 0,
			"children": [0, 1, 2, 3, 4, 5, 6, 7, 8, 9, 10, 11, 12, 13, 14, 15, 16, 17, 18, 19, 20, 21, 22, 23]
		},
		{
			"name": "group",
			"origin": [5, 9, 12],
			"color": 0,
			"children": [24]
		},
		{
			"name": "group",
			"origin": [1.2, 9, 9],
			"color": 0,
			"children": [25, 26, 27, 28]
		}
	]
}